Album ID,Album Name
3T4tUhGYeRNVUGevb0wThu,�� (Deluxe)
4yP0hdKOZPNshxUOjY0cZj,After Hours
1AZjTOqvw2ZogWZxnDlhEN,Welcome To The Madhouse (Deluxe)
6trNtQUgC8cgbWcqoMYkOR,beerbongs & bentleys
5658aM19fA3JVwTK6eQX70,Divinely Uninspired To A Hellish Extent
0G1ffjfFuTUTVjDrVdLimH,Views
35s58BRTGAEWztPo9WqCIs,Spider-Man: Into the Spider-Verse (Soundtrack From & Inspired by the Motion Picture)
22rp3PnM3q2mtTI0OGCzpq,Collage EP
0xzScN8P3hQAz3BT3YYX5w,Shawn Mendes (Deluxe)
51s30K7a36ORx6AAaPBRRY,Evolve
3T4tUhGYeRNVUGevb0wThu,�� (Deluxe)
0S0KGZnfBGSIssfF54WSJh,"WHEN WE ALL FALL ASLEEP, WHERE DO WE GO?"
7oiJYvEJHsmYtrgviAVIBD,Back from the Edge
4bZJWQhHKJckFLJuYdvyX2,F*CK LOVE 3: OVER YOU
1xn54DMo2qIqBuMqHtUsFd,x (Deluxe Edition)
2viWIVEItaDlFH2RXWKwS7,Goodbye & Good Riddance
1ATL5GLyefJaxhQzSPVrLX,Scorpion
7fJJK56U9fHixgO0HQkhtI,Future Nostalgia
1xn54DMo2qIqBuMqHtUsFd,x (Deluxe Edition)
2ODvWsOgouMbaA5xf0RkJe,Starboy
0KTj6k94XZh0c6IEMfxeWV,Dreamland (+ Bonus Levels)
7xV2TzoaVc0ycW7fwBwAml,Fine Line
2sBB17RXTamvj7Ncps15AK,lovely (with Khalid)
6X9k3hSsvQck2OfKYdBbXr,A Night At The Opera (Deluxe Remastered Version)
4JPguzRps3kuWDD5GS6oXr,Memories...Do Not Open
2Ti79nwTsont5ZHfdxIzAm,?
4sLtOBOzn4s3GDUv3c5oJD,A Star Is Born Soundtrack
6Fr2rQkZ383FcMqFyT7yPr,Purpose (Deluxe)
4OTAx9un4e6NfoHuVRiOrC,Love In The Future (Expanded Edition)
4g1ZRSobMefqF6nelkgibi,Hollywood's Bleeding
04E0aLUdCHnhnnYrDDvcHq,Hozier
2vD3zSQr8hNlg0obNel4TE,Camila
51s30K7a36ORx6AAaPBRRY,Evolve
2fYhqwDWXjbpjaIJPEfKFw,"thank u, next"
5VdyJkLe3yvOs0l4xXbWp0,17
42WVQWuf1teDysXiOupIZt,Birds In The Trap Sing McKnight
733e1ZfktLSwj96X5rsMeE,Luv Is Rage 2
01sfgrNbnnPUEyz6GZYlt9,Dua Lipa (Deluxe)
3cQO7jp5S9qLBoIVtbkSM1,Blurryface
78EicdHZr5XBWD7llEZ1Jh,Happier
41GuZcammIkupMPKH2OJ6I,ASTROWORLD
4eLPsYPBmXABThSJ821sqY,DAMN.
2sRnJq6dfXdqhIflBk0ve1,All the Little Lights
6Fr2rQkZ383FcMqFyT7yPr,Purpose (Deluxe)
37qAVEAZSyRTVFvVRHcwOa,Wake Me Up
0G0vIGvVlJ3MtXunjqrbMY,Native (Deluxe)
4DOcG4A40Wf3q2vPNGQwQg,Peace Is The Mission
4xkM0BwLM9H2IUcbYzpcBI,I Love You.
1p5rgTwzlrhJnSdi93zpbd,Roses (Imanbek Remix)
02sEJTj1sye1JaqxqpcSCp,Encore
6trNtQUgC8cgbWcqoMYkOR,beerbongs & bentleys
5S9b8euumqMhQbMk0zzQdH,Dream Your Life Away (Special Edition)
5HMjpBO0v78ayq5lreAyDd,Faded
5s0rmjP8XOPhP6HhqOhuyC,Stoney (Deluxe)
28ZKQMoNBB0etKXZ97G2SN,Beauty Behind The Madness
22rp3PnM3q2mtTI0OGCzpq,Collage EP
2AJaA0is5qbaqFy77tPl7B,Illuminate (Deluxe)
76FXHQhTuT4QMIxfL09gX8,The Heist
1Tz3Ai1guEFf4hV3d9i17K,"At Night, Alone."
6s84u2TUpR3wdUv4NgKA2j,SOUR
08jWgM4vSkTose4blKBWov,In The Lonely Hour
3oIFxDIo2fwuk4lwCmFZCx,No.6 Collaborations Project
3vLaOYCNCzngDf8QdBg2V1,Uptown Special
68enXe5XcJdciSDAZr0Alr,Manic
3Gq2Dme9nesdgoqNNlcN8O,Despacito Feat. Justin Bieber (Remix)
2fYhqwDWXjbpjaIJPEfKFw,"thank u, next"
6s84u2TUpR3wdUv4NgKA2j,SOUR
7GEzhoTiqcPYkOprWQu581,One Kiss (with Dua Lipa)
1pCA38N6MkLlthXtAOvZTU,JORDI (Deluxe)
3XftSbguntyRTBQaGItmfK,The Thrill Of It All (Special Edition)
270o30h7cAlEhBnbuSpFZq,El Dorado
4c2p3TdN7NcQfCXyueCNnC,Jungle Rules
4undIeGmofnAYKhnDclN1w,Hot Fuss
52u4anZbHd6UInnmHRFzba,Please Excuse Me for Being Antisocial
6htgf3qv7vGcsdxLCDxKp8,Night Visions
2Ti79nwTsont5ZHfdxIzAm,?
6pOiDiuDQqrmo5DbG0ZubR,MONTERO
5qENHeCSlwWpEzb25peRmQ,Curtain Call: The Hits (Deluxe Edition)
2d9BCZeAAhiZWPpbX9aPCW,EL ��LTIMO TOUR DEL MUNDO
5lKlFlReHOLShQKyRv6AL9,Future Nostalgia
6pOiDiuDQqrmo5DbG0ZubR,MONTERO
77jAfTh3KH9K2reMOmTgOh,This Is Acting
4PgleR09JVnm3zY1fW3XBA,24K Magic
6ozp33PI3p9AdddB6ZL3xQ,(What's The Story) Morning Glory? (Deluxe Edition) [Remastered]
6nYfHQnvkvOTNHnOhDT3sr,BE
3ThQ5dvf9wlqB0C7evh5nH,Red Pill Blues (Deluxe)
0CnQ0JQajNswRjPkNYVG8m,Handwritten
02tTjKlh9iQ5jlWYPbKLJZ,See You Again (feat. Charlie Puth)
5C0YLr4OoRGFDaqdMQmkeH,VIDA
7lqieLm717j9Z8JrG7POkS,I met you when I was 18. (the playlist)
4rFrdkSWs0dtj0rWPzOk1v,Lukas Graham
623PL2MBg50Br5dLXC9E9e,BLAME IT ON BABY
04G0YylSjvDQZrjOfE5jA5,We Sing. We Dance. We Steal Things.
2D0Hi3Jj6RFnpWDcSa0Otu,Youngblood (Deluxe)
5bU1XKYxHhEwukllT20xtk,AM
3wBabo4pmzsYjALMSKY7Iq,Illuminate (Deluxe)
65ayND23IInUPHJKsaAqe7,TROLLS (Original Motion Picture Soundtrack)
2Auw0pTT6EcQdvHNimhLQI,V
2cWBwpqMsDJC1ZUwz813lo,The Eminem Show
4KdtEKjY3Gi0mKiSdy96ML,Invasion of Privacy
3J8W9AOjQhnBLCX33m3atT,Heathens
0S0KGZnfBGSIssfF54WSJh,"WHEN WE ALL FALL ASLEEP, WHERE DO WE GO?"
6htgf3qv7vGcsdxLCDxKp8,Night Visions
5s0rmjP8XOPhP6HhqOhuyC,Stoney (Deluxe)
3kndSWeE2IYOrZEToZrHEV,Nine Track Mind
2guirTSEqLizK7j9i1MTTZ,Nevermind (Remastered)
21HMAUrbbYSj9NiPPlGumy,Jazz (Deluxe Remastered Version)
0mZIUXje90JtHxPNzWsJNR,Voicenotes
7viNUmZZ8ztn2UB4XB3jIL,2014 Forest Hills Drive
43wpzak9OmQfrjyksuGwp0,Escape (Bonus Track Version)
1azUkThwd2HfUDdeNeT147,21
7dQ734EW0iLvQfF6vBFNiZ,FRIENDS KEEP SECRETS
4IRiXE5NROxknUSAUSjMoO,7 EP
0RHX9XECH8IVI3LNgWDpmQ,A Rush of Blood to the Head
1QwWTLYn9dntAj7l9FRJwY,Me 4 U
6wPXUmYJ9mOWrKlLzZ5cCa,The Game (Deluxe Remastered Version)
1uyf3l2d4XYwiEqAb7t7fX,Doo-Wops & Hooligans
3cQO7jp5S9qLBoIVtbkSM1,Blurryface
28ZKQMoNBB0etKXZ97G2SN,Beauty Behind The Madness
6Fr2rQkZ383FcMqFyT7yPr,Purpose (Deluxe)
26c7MmQ4w8EAvVLb4jilaM,Heaven & Hell
6FdNvoO5sF4EKwCX9je1MH,1000 Forms Of Fear (Deluxe Version)
6trNtQUgC8cgbWcqoMYkOR,beerbongs & bentleys
2wiPF3m0ylst0JSk1IvZL8,Divinely Uninspired To A Hellish Extent (Extended Edition)
0D7yJonn41qsrIQ7YdWk2z,Nicotine
5r36AJ6VOJtp00oxSkBZ5h,Harry's House
2MFS6WG6jnPAgvJpV3PehR,Carte Blanche
3pEgGUv379EDinvg1TN7Kt,This Is What You Came For
4AdZV63ycxFLF6Hcol0QnB,Starboy
6hPkbAV3ZXpGZBGUvL6jVM,Hybrid Theory (Bonus Edition)
4g1ZRSobMefqF6nelkgibi,Hollywood's Bleeding
0K4pIOOsfJ9lK8OjrZfXzd,25
61G7KL6rpj167r6H4CzS8C,A Place We Knew
3Kmo85mapQ2wTaCAHBkKsK,Cold Water
7Kmmw7Z5D2UD5MVwdm10sT,Torches
01sfgrNbnnPUEyz6GZYlt9,Dua Lipa (Deluxe)
2p9gK2BcdrloHNJwarc9gc,death bed (coffee for your head)
1nAQbHeOWTfQzbOoFrvndW,Planet Her
3pHFjWCK7d5YLtEuFwfR5N,54+1
6HJDrXs0hpebaRFKA1sF90,ROXANNE
1DF9B2hfwX4EdgEFwGcRwh,Icarus Falls
5VML6S956h4YfoYPooqLEi,Fifty Shades Darker (Original Motion Picture Soundtrack)
58ufpQsJ1DS5kq4hhzQDiI,Unorthodox Jukebox
6ZG5lRT77aJ3btmArcykra,Parachutes
2Jg7JZ0ZXOGje1bkq7CVgK,In The Lonely Hour
6ApYSpXF8GxZAgBTHDzYge,Pray for the Wicked
2cWBwpqMsDJC1ZUwz813lo,The Eminem Show
28yHV3Gdg30AiB8h8em1eW,Appetite For Destruction
20Ol6zZ0nLlc5EGTH1zA0j,Delirium (Deluxe)
1MvF4ulZKH7SaDQs9rE5nc,What Is Love? (Deluxe Edition)
62U7xIHcID94o20Of5ea4D,Toto IV
5W9OT0a5iZlBr83a9WMKFY,Synchronicity (Remastered 2003)
2bw00gRKNKbTFOqCkohbSh,Silence
5CS8E6JVACItYto4OOJoPW,KG0516
3Wv4X8OA65pGpFzBkuUgAh,DNCE
7nEiwcUSwycvC77kZ9ub7c,The Middle
1ATL5GLyefJaxhQzSPVrLX,Scorpion
5kprdYds6oZb4iSldfflOT,Vibras
32iAEBstCjauDhyKpGjTuq,=
0pF0oyuPNdOObniB1Ng0kW,7/27 (Deluxe)
6kf46HbnYCZzP6rjvQHYzg,American Teen
5dGWwsZ9iB2Xc3UKR0gif2,Justice
1BmxOYHjQv1dKZRr13YRZM,FRIENDS
4YtTX4GPvBvewbJvBfXCS2,FUTURE
3L0H4RjVXpEkwfDgi3XOdf,us
5VdyJkLe3yvOs0l4xXbWp0,17
2uDTi1PlpSpvAv7IRAoAEU,HIGHEST IN THE ROOM
1HjSyGjmLNjRAKgT9t1cna,Making Mirrors
4VNy5ifZtW3E9SgffbGEti,It Ain't Me
3mNoFlD1wsoXfkljfFzExT,TALKING IS HARD
7lPoGKpCGgdKFAxpudhAH5,Speak Your Mind (Deluxe)
7xV2TzoaVc0ycW7fwBwAml,Fine Line
3oIFxDIo2fwuk4lwCmFZCx,No.6 Collaborations Project
1KOmHyNLuOe5YrPhD3Juuf,Perception
23Y5wdyP5byMFktZf8AcWU,I AM...SASHA FIERCE
4xnq1L6P551Qcb9gBXNMK7,"""Awaken, My Love!"""
1C2h7mLntPSeVYciMRTF4a,Thriller 25 Super Deluxe Edition
5aprcHwM1KJhaY9Kbxkfkn,Nothing but the Beat 2.0
1azUkThwd2HfUDdeNeT147,21
1ER3B6zev5JEAaqhnyyfbf,Hunting High and Low
1c79SozES9Eb3Lzf9KVaIa,In My Mind
6kf46HbnYCZzP6rjvQHYzg,American Teen
3OZgEywV4krCZ814pTJWr7,Dangerous Woman
1HiN2YXZcc3EjmVZ4WjfBk,Everybody
6t5D6LEgHxqUVOxJItkzfb,All Your Fault: Pt. 2
15yvc643iYfQtb6zh9NEJo,A Thousand Years
4yP0hdKOZPNshxUOjY0cZj,After Hours
1MvF4ulZKH7SaDQs9rE5nc,What Is Love? (Deluxe Edition)
1FOJ5IXGXe8dl0cXvCU6wK,In the Name of Love
0xc5IpJM39eEEYSKDrm5kf,Hot Space (Deluxe Remastered Version)
2Ti79nwTsont5ZHfdxIzAm,?
61ulfFSmmxMhc2wCdmdMkN,Merry Christmas
5x7JzoE4A3DwwU6FPt8qws,Overexposed
0h2knr6qpiAq0tV5ri5JMF,The Days / Nights
6hHIX3lfGKnZ2ji41YZMVV,Legendary
1CEODgTmTwLyabvwd7HBty,Viva La Vida or Death and All His Friends
19O3rXe4nDu9YDcc2tOQVn,ANTI (Deluxe)
7KBjLhk3IM27k3ry4vBk3i,Unorthodox Jukebox
64fQ94AVziavTPdnkCS6Nj,Bad Blood
1lXY618HWkwYKJWBRYR4MK,More Life
3tx8gQqWbGwqIGZHqDNrGe,Sweetener
3HhZbSJdhOqMSaRbEt3gtw,Grateful
4i3rAwPw7Ln2YrKDusaWyT,everything i wanted
5gQZvWM1o8NkQndueJtZcP,Wolves
4PgleR09JVnm3zY1fW3XBA,24K Magic
1Uf67JAtkVWfdydzFFqNF2,Happiness Begins
6D9urpsOWWKtYvF6PaorGE,Elephant
2widuo17g5CEC66IbzveRu,Hotel California (2013 Remaster)
1otwHKoQ5KPaiekpYk4tWh,Con Calma
5YLRVHDVRw3QqWbeTGpC5B,So Good
2qJw6w5XwQO0PQlSWPu7Tw,Chosen
40GMAhriYJRO1rsY4YdrZb,Views
06S3Qjh4QWLtn6c7CVhYh7,Callaita
7wHczdY0ek3FHnfVhk10om,The Lockdown Sessions
3T4tUhGYeRNVUGevb0wThu,�� (Deluxe)
2FW0uQ4WL25umm5p2VrZO7,"The Best Of Earth, Wind & Fire Vol. 1"
3T4tUhGYeRNVUGevb0wThu,�� (Deluxe)
1FZKIm3JVDCxTchXDo5jOV,Harry Styles
48zisMeiXniWLzOQghbPqS,Motion
5VdyJkLe3yvOs0l4xXbWp0,17
3cyyJALrHc8LawnQNFYRWL,Look At Me!
6jKZplJpy21R5lHaYHHjmZ,Narrated For You
4Gfnly5CzMJQqkUFfoHaP3,Meteora
3rDbA12I5duZnlwakqDdZa,Know-It-All (Deluxe)
79dL7FLiJFOO0EoehUHQBv,Currents
0p0W4RXcnc59jgatcdZozO,MIA (feat. Drake)
09Q3WwGYsQe5ognkvVkmCu,When It's Dark Out
3yoNZlqerJnsnMN5EDwwBS,Strange Trails
5amj9zNeZ3B2EdpBgXrOZ0,Mind Of Mine (Deluxe Edition)
6tkjU4Umpo79wwkgPMV3nZ,Goodbye & Good Riddance
6mUdeDZCsExyJLMdAfDuwh,Back In Black
4zOhjJfe0dwqsNdDYk622E,Ride It
1tXHmyPSfn6gJHkAifLGDj,"Happy (From ""Despicable Me 2"")"
1CwXS6MAz8Wo7K4TzW9iuR,"Save Me, San Francisco (Golden Gate Edition)"
3T4tUhGYeRNVUGevb0wThu,�� (Deluxe)
2ogiazbrNEx0kQHGl5ZBTQ,WAP (feat. Megan Thee Stallion)
3Q149ZH46Z0f3oDR7vlDYV,ANTI
2vGU0DOcfsDee0euvhl1iZ,B4 The Storm
2Qxc2NJ7yPKVFRWi3llRr2,Suncity
0RZ4Ct4vegYBmL9g88TBNi,Don't Kill the Magic
6ylFfzx32ICw4L1A7YWNLN,OASIS
2a1AHCq835BXUcX1aTTWqQ,Certified Hitmaker
0cHT4ll3sEPyFFWoFuibMl,New English
2rDIivxBafNKpgRqlzIRSb,Sweet Talker (Deluxe Version)
1zHfDPtlXk2Biq8iVS1I3F,Peace Is The Mission (Extended)
6Ei5WWek37m1x9AjpSXTcJ,More Than You Know
3pLdWdkj83EYfDN6H2N8MR,Black Panther The Album Music From And Inspired By
1I4W7JKzYbl8VKRfD61DIS,Stay
18pR217SWwBjODSRWFBw0I,Starving
6t7956yu5zYf5A829XRiHC,The Marshall Mathers LP
5ppnlEoj4HdRRdRihnY3jU,"Oral Fixation, Vol. 2 (Expanded Edition)"
4UxlLk460BnmQlRV3WiORh,everything means nothing
11Bkx3E99vf0IlYPND61LJ,"Young, Wild & Free (feat. Bruno Mars)"
2v9rQe4F8fVSh5v8bAq0jF,Scared to Be Lonely
3SZr5Pco2oqKFORCP3WNj9,Graduation
4a6DxkhmMvvEdPXxm4ergN,New Eyes
0MV1yCXcNNQBfwApqAVkH0,Without Warning
4qZBW3f2Q8y0k1A84d4iAO,"My Dear Melancholy,"
4VzzEviJGYUtAeSsJlI9QB,Woodstock
5zClcGCSWj926AMjvBNSLc,Songs About Jane: 10th Anniversary Edition
1V9oE8bVilClrk5naqyyvL,Dancing With A Stranger (with Normani)
0BwWUstDMUbgq2NYONRqlu,Rumours (Super Deluxe)
2F7tejLHzTqFq2XLol9ZGy,Global Warming: Meltdown (Deluxe Version)
1ATL5GLyefJaxhQzSPVrLX,Scorpion
1qyjZGIeeLJlXbYWuoloWj,Nervous System
3euz4vS7ezKGnNSwgyvKcd,Positions
10v912xgTZbjAtYfyKWJCS,Highway to Hell
3ThQ5dvf9wlqB0C7evh5nH,Red Pill Blues (Deluxe)
2AJaA0is5qbaqFy77tPl7B,Illuminate (Deluxe)
2Auw0pTT6EcQdvHNimhLQI,V
3OZgEywV4krCZ814pTJWr7,Dangerous Woman
0kBfgEilUFCMIQY5IOjG4t,Slippery When Wet
0T6QxdJZwYrXPHd829SnqK,La 167
1I6FpscJIfwf4T56VxGVsB,We Love You Tecca
1GYVNOzwhx1nMcIJDogSNp,Death Race For Love
5D20ZzsNB377xbshIFP9Nb,Sadnecessary
47BiFcV59TQi2s9SkBo2pb,Recovery
4E7bV0pzG0LciBSWTszra6,X&Y
21jF5jlMtzo94wbxmJ18aa,30
1tFnP9PwIMeMIuj92mfswZ,Calma (Remix)
5Mu891tmjTbt64meovPSuf,Tell Me You Love Me
4fOw7xSDwqb58Z2Qia5j81,BUTTERFLY EFFECT
63eaHsLLsW1e5ISNf7ISZy,#3
2yXnY2NiaZk9QiJJittS81,Drip Harder
4g1ZRSobMefqF6nelkgibi,Hollywood's Bleeding
4UMjBXcRqIgMZ1XumU2x5T,Dizzy up the Girl
7dqftJ3kas6D0VAdmt3k3V,Stories
5XyJzEROSmup2TcWmVjTIt,Sugar
3oEqMQVxXfn2jGRaauU2iv,Long Way Down
64aKkqxc3Ur2LYIKeS5osS,The Time Of Our Lives
0BJYNipGyMrw4ngKDJXzXZ,Gangsta's Paradise
1nAQbHeOWTfQzbOoFrvndW,Planet Her
1MmVkhiwTH0BkNOU3nw5d3,Hot Pink
6EVYTRG1drKdO8OnIQBeEj,My Everything (Deluxe)
5ySxm9hxBNss01WCL7GLyQ,Millennium
4vu7F6h90Br1ZtYYaqfITy,The Razors Edge
5IenxFp0vpnXBUxPcwJtbE,MKTO
6qNMYsx5OUFDXWAoct9Pge,Astronomical
1RWiRfdNZKDe8VXzzf2VEc,you broke me first
4JPguzRps3kuWDD5GS6oXr,Memories...Do Not Open
7JtT7OyWM8BnIS5FXXPMKg,Emmanuel
1DCI2yWmV4UI7Aga71yx9B,Blood Sugar Sex Magik
7q2B4M5EiBkqrlsNW8lB7N,2001
6VSOIs13DaSG2IPilNviX5,Yonaguni
6400dnyeDyD2mIFHfkwHXN,Pablo Honey
6s84u2TUpR3wdUv4NgKA2j,SOUR
42wLKnuGyBLGWwH89lnimL,Te Bot�� (Remix)
6mGDfbDErYIJsmSewvccWm,Meet The Orphans
4bNPOFOzxGhF5jhfIK6lit,High Off Life
4otkd9As6YaxxEkIjXPiZ6,Music To Be Murdered By
2CMlkzFI2oDAy5MbyV7OV5,Kid Krow
5BxvswQSGWrBbVCdx6mFGO,Chaos And The Calm
6al2VdKbb6FIz9d7lU7WRB,Proof
0fLhefnjlIV3pGNF9Wo8CD,Californication
2e5CxfyEwBW115beiwh7Mc,Swalla (feat. Nicki Minaj & Ty Dolla $ign)
6bfkwBrGYKJFk6Z4QVyjxd,Skrillex and Diplo present Jack ��
54V1ljNtyzAm053oJqi0SH,Second Helping (Expanded Edition)
1XMw3pBrYeXzNXZXc84DNw,Savage Love (Laxed - Siren Beat)
3nBQlhUvErkw8DVpF47WAn,Breaking Me
2gKQvajkEEaDtkqJ8FJ4uw,Fetty Wap (Deluxe)
5MQBzs5YlZlE28mD9yUItn,PRISM (Deluxe)
55zQqrjWsFHRcI1mxlQSsZ,Fast Car
6fb7z9rBdrjzpBTg1R1Bwp,Eyes Open
5glfCPECXSHzidU6exW8wO,Head & Heart (feat. MNEK)
5CZR6ljD0x9fTiS4mh9wMp,Only By The Night
704GHNtZhEe9TBgleCNNGv,Sucker for Pain (with Logic & Ty Dolla $ign feat. X Ambassadors)
63iWSELt9V1kV6RSMxN7Ii,Changes
4QUNWTw2FsIz722xjUjFJw,Issa Album
2Auw0pTT6EcQdvHNimhLQI,V
1YwzJz7CrV9fd9Qeb6oo1d,Watch The Throne (Deluxe)
3cfAM8b8KqJRoIzt3zLKqw,A Head Full of Dreams
0bUTHlWbkSQysoM3VsWldT,Demon Days
0K4pIOOsfJ9lK8OjrZfXzd,25
2msN7XBgV3JCjQ7Tq3t7i9,Ocean Eyes
3HwBA7xp3XTbFiNzU7gjwp,Body
3ggBBGRhkDVAu7pQRXRPXO,"Let Me Go (with Alesso, Florida Georgia Line & watt)"
1cujDxjZaAtJXnvyW7sl3U,Toast to Our Differences (Deluxe Edition)
5s0rmjP8XOPhP6HhqOhuyC,Stoney (Deluxe)
0rmhjUgoVa17LZuS8xWQ3v,Pure Heroine
4OXnPSBtZo8PBFiTOfuumP,Good Girl Gone Bad
2Ti79nwTsont5ZHfdxIzAm,?
3XzSOIE6zGLliuqsVGLmUc,MIDDLE CHILD
6UYZEYjpN1DYRW0kqFy9ZE,Championships
4JVCsRgCU1j17JcNGdwXNw,Firestone
2HaqChIDc5go3qxVunBDK0,Funk Wav Bounces Vol.1
4UlGauD7ROb3YbVOFMgW5u,ANTI (Deluxe)
7w19PFbxAjwZ7UVNp9z0uT,18 Months
2rBb9rAEuMC8VH9uk7js3e,The Truth About Love
1MvF4ulZKH7SaDQs9rE5nc,What Is Love? (Deluxe Edition)
1UsmQ3bpJTyK6ygoOOjG1r,Speakerboxxx/The Love Below
7fJJK56U9fHixgO0HQkhtI,Future Nostalgia
2G4AUqfwxcV1UdQjm2ouYr,Ghost Stories
4EUf4YyNjuXypWY6W5wEDm,Globalization
55fq75UfkYbGMq4CncCtOH,Metallica (Remastered)
32iAEBstCjauDhyKpGjTuq,=
6s84u2TUpR3wdUv4NgKA2j,SOUR
6Di4m5k1BtMJ0R44bWNutu,News Of The World (Deluxe Remastered Version)
1IM3GwptCGYjRkzCBolyFK,How To Save A Life
0G1ffjfFuTUTVjDrVdLimH,Views
2QJmrSgbdM35R67eoGQo4j,1989
5EEkfRgfYHiFu0lGur6Z6M,COSMIC
78bpIziExqiI9qztvNFlQu,AM
2WVIfmyMWWwXQ6TaGMzEYW,Middle
5jNDWA19BJbE24x1UUJGRY,Sweet Dreams (Are Made Of This)
7strNUlU6xZqlVWBNUdOYv,Hands All Over
7yBl4uFyJzH48Vy6tPieXL,FourFiveSeconds
4JBZ0QHveEpESepanNBG8A,Grateful
2GFflENKz28RcMoSuulPZC,Roses
4xyMDflnkEDQo5ytLTQadt,This Girl (Kungs Vs. Cookin' On 3 Burners)
2adSO4KU3FDjeM1PXCRDZm,The Business
1AvXa8xFEXtR3hb4bgihIK,MAP OF THE SOUL : PERSONA
2iU0cUGlqNhNAPqoY54fMC,Evolve
3YPFaTR7WMi1Hd4NVKdCJx,Rare
36fdxiOzdlmsrHgGcfvqUJ,THE E.N.D. (THE ENERGY NEVER DIES)
2mnDyPSNM02LMvniaMWnLl,Strip That Down
3JfSxDfmwS5OeHPwLSkrfr,Origins (Deluxe)
3cG32DOXJoYlOHMmJIaQsm,How Deep is Your Love (feat. Disciples)
1YgekJJTEueWDaMr7BYqPk,An Evening With Silk Sonic
3xybjP7r2VsWzwvDQipdM0,Freudian
4PT9VulQaQP6XR1xBI2x1W,Eye Of The Tiger
6egzU9NKfora01qaNbvwfZ,LAST CHRISTMAS
022DrG7Wp2PSCwzuD0bSzT,American Beauty/American Psycho
2tpWgbBdzjkaJVJzR4T8y1,Promises (with Sam Smith)
1ATL5GLyefJaxhQzSPVrLX,Scorpion
5n1GSzC1Reao29ScnpLYqp,Dying to Live
0S0KGZnfBGSIssfF54WSJh,"WHEN WE ALL FALL ASLEEP, WHERE DO WE GO?"
4eLPsYPBmXABThSJ821sqY,DAMN.
3eHEUyFhVdkoXEJzXC0EKT,Call Me Maybe
7e7t0MCrNDcJZsPwUKjmOc,Shoot For The Stars Aim For The Moon
1yOcLa4euMk9sV7rRJ89Dl,Is There Anybody Out There?
4eLPsYPBmXABThSJ821sqY,DAMN.
0zMLyv1kNV2B0LDGEK2RbB,Jonas Blue: Electronic Nature - The Mix 2017
59eUYETmE1zi31ESb3SUkI,Everything Is 4
6yEuIwTQpciH1qtj7mP5GK,Out Of Time (25th Anniversary Edition)
5lkNnHVlnCCCV304t89wOH,My House
52JymrguPgkmmwLaWIusst,"Come Over When You're Sober, Pt. 2"
22fC2LDiA1zJgUS9ru5GP5,Candy Paint
7GGoJfKFOwDNuiLjjfzyCS,Look Alive (feat. Drake)
0XN945pdw7kvYRndgbDuSb,Thrift Shop (feat. Wanz)
5JKFiC2WVi9HtvJEm8CUB8,Appetite For Destruction
1YxmW7DO2dM05gwMKTbr7l,Fake Love
0P3oVJBFOv3TDXlYRhGL7s,Beauty Behind The Madness
26bzHnyTkFBFHUFeRwFDn7,Stole the Show
5G7go9EeotMk9RfLETBDgJ,Call On Me (Remixes)
1xn54DMo2qIqBuMqHtUsFd,x (Deluxe Edition)
6Ps0kbvAjuz75uK0uuZzWa,Prayer in C
2f7kOrpFos0njurSOi2zqL,No Money
7l4LGPXk2mB80WgXy4VeuB,Waves (Robin Schulz Radio Edit)
2dBgWXp41imu2zBNv9oFxZ,F��nix
5v6iBhIlflzR9rEd1LAMbd,SremmLife 2 (Deluxe)
4AUTMNSP56xicSznzKgzjB,What Dreams Are Made Of
3NC0WEl19sJosOSW0812Iw,Ain't Nobody (Loves Me Better)
2QJmrSgbdM35R67eoGQo4j,1989
6EVYTRG1drKdO8OnIQBeEj,My Everything (Deluxe)
0zAsh6hObeNmFgFPrUiFcP,Reflection (Deluxe)
7baaCf70tVcUBL2bbkuXjo,How Do You Sleep?
4ow6xJwn49gpWz7iHpOzWY,"10,000 Hours (with Justin Bieber)"
1uyf3l2d4XYwiEqAb7t7fX,Doo-Wops & Hooligans
4fZIyJn2wKb51QPNnWYnqt,Mercury - Act 1
0JGOiO34nwfUdDrD612dOp,Happier Than Ever
7LnU0hAOYe9aq91PCKMI7A,Drag Me Down
2qVN3yVtkrPT9YL7djTNwt,Blurred Lines
3cfAM8b8KqJRoIzt3zLKqw,A Head Full of Dreams
3jB9yFDwRe3KhtGnHXJntk,PRISM
20a4p8pXFFG3ZungWSbYv3,Fancy
1s9tU91VJt4sU5owi29GD3,TRUE
2gXTTQ713nCELgPOS0qWyt,Nothing Was The Same (Deluxe)
17a7gzqcZt6SjXRQVoXN6M,Did You Hear the Rain?
155N1gV0cIFYaLiy3I5d83,The Lumineers
4ZyeHIgdujClXSjC2cSqSb,After Hours (Deluxe)
0TyDTzG2zt2tg0wONT9wSU,679 (feat. Remy Boyz)
4QcXq4vTVN7dFb7bZa9jG2,Pharmacy
0K4pIOOsfJ9lK8OjrZfXzd,25
2OMDL0qyQF7nk2tRJE8RmD,Mirrors
2ePFIvZKMe8zefATp9ofFA,Get Lucky (feat. Pharrell Williams & Nile Rodgers) [Radio Edit]
3RKhRsifs4RWrqvWV1YpPY,Don't You Worry Child
4bxl07W8OBOP5PBXI5uhs6,Into The Woods
3OZgEywV4krCZ814pTJWr7,Dangerous Woman
7iycyHwOW2plljYIK6I1Zo,Some Nights
3RDqXDc1bAETps54MSSOW0,Bangerz (Deluxe Version)
0W5GGnapMz0VwemQvJDqa7,+
1rzDtYMpZDhRgKNigB467r,Night Visions (Deluxe)
5W98Ab4VvQEuFEE4TIe5fE,Title (Deluxe)
4mchkmnzdTYIEAnw2FijA3,Broccoli
6yZtkhTr6TXRoUR72lveEU,Hurry Up We're Dreaming
58ufpQsJ1DS5kq4hhzQDiI,Unorthodox Jukebox
3MATDdrpHmQCmuOcozZjDa,TESTING
2R7iJz5uaHjLEVnMkloO18,Mylo Xyloto
7p1fX8aUySrBdx4WSYspOu,Midnight Memories (Deluxe)
3vOgbDjgsZBAPwV2M3bNOj,The Marshall Mathers LP2
0zt41iQaqe4tyVknMwNNps,Levels
4EBtalKeisyblXwox9mMXf,Up From Below
1E1eyI5uGllppJZCxNoF9w,LONG.LIVE.A$AP (Deluxe Version)
2HaqChIDc5go3qxVunBDK0,Funk Wav Bounces Vol.1
15qLmAABocTCRBSbWWqL7K,iSpy (feat. Lil Yachty)
5ll74bqtkcXlKE7wwkMq4g,Late Registration
2AvupjUeMnSffKEV05x222,Culture
0XAIjjN5qxViVS0Y5fYkar,I Decided.
20r762YmB5HeofjMCiPMLv,My Beautiful Dark Twisted Fantasy
6h3fnzKZqjV0R5gP9iTUBh,No Promises (feat. Demi Lovato)
1XYA8eDvomdYTbQBzk0jT1,Pretty Girl (Cheat Codes X CADE Remix)
5s0rmjP8XOPhP6HhqOhuyC,Stoney (Deluxe)
2kyTLcEZe6nc1s6ve0zW9P,Astro Lounge
1wpgafbHuQfSUmCWvahFlq,Bodak Yellow
6DEjYFkNZh67HP7R9PSZvv,reputation
0zMLyv1kNV2B0LDGEK2RbB,Jonas Blue: Electronic Nature - The Mix 2017
6bUxh58rYTL67FS8dyTKMN,El Dorado
2kZkiVn1m00XcgaWlLb2LD,SEX AND LOVE (Deluxe)
7ahctQBwcSxDdP0fRAPo2p,Flicker (Deluxe)
6I32dRerwcm3jYRsprxb5k,Victory
0YLrAWUbY0nyM7PFtqnYld,Primera Cita
22lEQJ7khtB2yvsq84FDQb,Motivan2
6eZdwrhB97A3EYx9QppGfl,T R A P S O U L
4jNUqLLTYdMHhH8Z8tt93S,Hot Shot
1RM6MGv6bcl6NrAG8PGoZk,Confessions (Expanded Edition)
1VAc77UvK5wj8ZSWCo3V2b,The Beautiful & Damned
2Tt0EzXpempSOIHFXVX42v,��chame La Culpa
3N7eWDCvfWv34xWNohdHjO,Back To You (From 13 Reasons Why ��� Season 2 Soundtrack)
5YLRVHDVRw3QqWbeTGpC5B,So Good
2NaulYO6lGXTyIzWTJvRJj,Staying at Tamara's
7xl50xr9NDkd3i2kBbzsNZ,Stadium Arcadium
6deiaArbeoqp1xPEGdEKp1,By the Way (Deluxe Edition)
6KT8x5oqZJl9CcnM66hddo,Free Spirit
13MHW8hoLFjX7SaVEVmj3X,MALA SANTA
0SukGZiXMtmsZoxstkBtNR,Aura
4IRiXE5NROxknUSAUSjMoO,7 EP
2VP96XdMOKTXefI8Nui23s,Shawn Mendes
7yf9ZJyHRbp8sHtpDKfPpt,Harder Than Ever
74gSdSHe71q7urGWMMn3qB,Cuz I Love You (Deluxe)
3tx8gQqWbGwqIGZHqDNrGe,Sweetener
2xZSrcBmvMw9Y8hac6xU7L,Blue
3edjzMAVB9RYRd4UcZBchx,A Star Is Born Soundtrack (Without Dialogue)
0U6ldwLBEMkwgfQRY4V6D2,Revival
0Xwkx2TLFwRcoK0OWQ0Msa,The Animals
5LqviduT0g0J0ypFrFSwCE,United
72qrnM4yUNMDDlWiqKc8iY,Aftermath
31q47gQszFt0CddSyMksgO,Willy And The Poor Boys (Expanded Edition)
3tbpe74iBR23O8uiQlLrXC,Pendulum
44Ig8dzqOkvkGDzaUof9lK,Led Zeppelin IV (Deluxe Edition)
3x2jF7blR6bFHtk4MccsyJ,Spice
6jWde94ln40epKIQCd8XUh,Toxicity
4lhyg7YGQagE8FT8cZBqyw,Numb / Encore: MTV Ultimate Mash-Ups Presents Collision Course
00HZxSA1sOS9T3nA950sg4,The Best In The World Pack
2fYhqwDWXjbpjaIJPEfKFw,"thank u, next"
2vD3zSQr8hNlg0obNel4TE,Camila
4CEAev7neETRdqBFtzA8B9,Love Lies (with Normani)
4f8pX9Vjs9uU5aKjqDNcDO,DUMMY BOY
5Vdzprr5cOqXQo44eHeV7t,Whitney
3vOgbDjgsZBAPwV2M3bNOj,The Marshall Mathers LP2
2guirTSEqLizK7j9i1MTTZ,Nevermind (Remastered)
64SChsjQBiEe3aVTFYnW1b,Love Is a Four Letter Word (Deluxe Edition)
46xbsFOp9g1WqTidQEs7YT,��pico
1CYQlkKE5Q0khU6eMwVAVt,Intimo
15Id9Jrqab8IwHFirdrrLp,MUDBOY
0syM7OUAhV7S6XmOa4nLUZ,Ivy To Roses (Mixtape)
4BvD9caT3ZohqNQFcR8dVD,Ahora
0qJkFmVwwNXP6fvSemDZqn,Homerun
6MoaDh76Fsg0ogW2l7HAFx,F.A.M.E.
4WlC4FXhonJhNTXCQPGP3r,Lalala
0cqRGWD3uc5Lggpducn5nD,Piece Of Your Heart
1lM5IfaqcIsXd6UCV3aDSs,Settle (Deluxe)
6EgJXcGqaUvgZIF9bqPXfP,~how i'm feeling~
6zXb9FQMzawvY2Au8Kxky3,Black Star Elephant
3lajefIuUk4SfzqVBSJy8p,Good For You
0xzScN8P3hQAz3BT3YYX5w,Shawn Mendes (Deluxe)
7fRrTyKvE4Skh93v97gtcU,dont smile at me
0ETFjACtuP2ADo6LFhL6HN,Abbey Road (Remastered)
3JfSxDfmwS5OeHPwLSkrfr,Origins (Deluxe)
3WrufJir7I61NkvkDwxero,In A Tidal Wave Of Mystery (Deluxe Edition)
652N05EcNH1a4bIlUixQE2,Enema Of The State
52AeC4gwbxDfFlLHgK1ByD,Urban Hymns (Remastered 2016)
0lmQ6rAGcChLjGXM52Qu3i,A Day At The Races (Deluxe Remastered Version)
4GYrE0hDKjM0v6EQIjkBV3,I Don't Want To Miss A Thing EP
1NAmidJlEaVgA3MpcPFYGq,Lover
1azUkThwd2HfUDdeNeT147,21
2ei2X6ghPnw7YRwQtAH075,Honky Chateau
1xRcR4iSouBrfVhuqFkPAJ,SOUTHSIDE
59ULskOkBMij4zL8pS7mi0,19
5mUdh6YWnUvf0MfklEk1oi,Stuck with U
1NAmidJlEaVgA3MpcPFYGq,Lover
2Y9IRtehByVkegoD7TcLfi,Californication (Deluxe Edition)
0BwWUstDMUbgq2NYONRqlu,Rumours (Super Deluxe)
0BwWUstDMUbgq2NYONRqlu,Rumours (Super Deluxe)
3usnShwygMXVZB4IV5dwnU,Out of the Blue
4KKRAmQ0ksj32l7mrgLOcF,Hey u x
4vUClKTFaDWnsHE8rK52GY,All That We Needed
05c49JgPmL4Uz2ZeqRx5SP,Chromatica
6rePArBMb5nLWEaY9aQqL4,The Fame Monster (Deluxe Edition)
1jpUMnKpRlng1OJN7LJauV,The Fame
7eLwoxxWs6lfkVYJGkGNbk,Wild Ones
5gO2acKSOaJnP0Mcy8IpU6,The Better Life
6se6q5nk4VCVbWWnZcguCc,Presence
5LZSpPoBVBsh6kRSEKfPQ8,Get You The Moon (feat. Sn��w)
11GmvpYnbgK0rSryPaV5BP,JOSE
2MFS6WG6jnPAgvJpV3PehR,Carte Blanche
1qSOaTvsCOyFJya3v1UzkP,Lose Control
5lKlFlReHOLShQKyRv6AL9,Future Nostalgia
5dGWwsZ9iB2Xc3UKR0gif2,Justice
0uxvuY8Ek2ojzHrWTg2PDc,TRANSLATION
4wBDclsxFzGnR4kVAAMI7K,Elephunk
5658aM19fA3JVwTK6eQX70,Divinely Uninspired To A Hellish Extent
0VaAFegRAAn4OCg7p4QjN5,Spirit
4HsLpiXxuq5kxvMEALLyrh,Unapologetic (Deluxe Version)
4HsLpiXxuq5kxvMEALLyrh,Unapologetic (Deluxe Version)
1uyf3l2d4XYwiEqAb7t7fX,Doo-Wops & Hooligans
5W98Ab4VvQEuFEE4TIe5fE,Title (Deluxe)
6TqRKHLjDu5QZuC8u5Woij,The Diary Of Alicia Keys
6KlxyxhXEDo1LdheFulN7h,As I Am (Expanded Edition)
7BrlhEO8dHiNmU8A1Ep9RZ,If the World Was Ending (feat. Julia Michaels)
6cunQQ7YZisYOoiFu2ywIq,Up All Night
1ekaxA9Q5GzUPCepx4wzMF,Back to Bedlam
7tTc46dNdE6GGuiQsssWxo,In Between Dreams
05jbNkYoEQdjVDHEHtg1gY,"Don't Forget About Me, Demos"
4pmyFpGicLLIgNPc1TQXKc,Boss Bitch
17l7MIu0Jh0tdgK7or9ovw,Dopamine
7tcs1X9pzFvcLOPuhCstQJ,Golden Hour
3vf65wfk1EEjVhy6BjENsS,Ocean Eyes
6n9DKpOxwifT5hOXtgLZSL,Legends Never Die
7e7t0MCrNDcJZsPwUKjmOc,Shoot For The Stars Aim For The Moon
6CIslPQSknp875cigkhKJC,The London Sessions
0mRqi6mOvyVVVEIfFFfWXU,Rewrite The Stars
7xV2TzoaVc0ycW7fwBwAml,Fine Line
6d1vGZsr6Uy3h9IigBpPAf,Meet The Woo
7AaqMMiYMvnMB3RcS8u3EY,Sweet Action
3oIFxDIo2fwuk4lwCmFZCx,No.6 Collaborations Project
4MHHajvRTUHItDsvfdIC8B,ily (i love you baby) (feat. Emilee)
4uG8q3GPuWHQlRbswMIRS6,Dookie
5y6wlw1LnqFnQFruMeiwGU,The Joshua Tree (Super Deluxe)
3xybjP7r2VsWzwvDQipdM0,Freudian
283NWqNsCA9GwVHrJk59CG,The Writing's On The Wall
3YjfdLdpQcVI72uKhooZst,F*CK LOVE (SAVAGE)
7dsWupQRlFuhG8FGiQAUjC,Blowin' Your Mind!
1m3mf7xkXIwssVriaaTjOS,AV��CI (01)
0eGvq1J5Ke7VlLLOYIlY4k,The Rokstarr Hits Collection
4rG0MhkU6UojACJxkMHIXB,Planet Pit (Deluxe Version)
2mumCpGmuE9iDeOvMx6XrB,The Papercut Chronicles II
18iFxjZugvKhuNNMbLjZJF,Wiped Out!
4gCNyS7pidfK3rKWhB3JOY,FOUR (Deluxe)
1BfLzaTFI5qKsAAk0Ae6aV,Indigo
39qsmsNRXjVaFqTZj9af0j,Friday (feat. Mufasa & Hypeman) [Dopamine Re-Edit]
5zi7WsKlIiUXv09tbGLKsE,IGOR
6oxVabMIqCMJRYN1GqR3Vf,Dangerously In Love
0CxPbTRARqKUYighiEY9Sz,Use Your Illusion I
28yHV3Gdg30AiB8h8em1eW,Appetite For Destruction
6c5gDwB7Xo58thk2vap4Ch,Nevermind
5CZR6ljD0x9fTiS4mh9wMp,Only By The Night
4dKdxly4ji1vfl7sEYuqBe,Dire Straits
55fq75UfkYbGMq4CncCtOH,Metallica (Remastered)
47BiFcV59TQi2s9SkBo2pb,Recovery
1zHR48K6XtWYm6bhrw4J6C,TAKE TIME
5j1wrOAOm5KFd17pPiSvle,Mail on Sunday
1V6a99EbTTIegOhWoPxYI9,Arrival
7KF1Ain9mYYlg5M46g0i4A,Teatro d'ira - Vol. I
2scB1uhcCI1TSf6b9TCZK3,FutureSex/LoveSounds
4AsXQ17Arq1cUVoa9dKJ3F,Tango In the Night (Deluxe Edition)
19lEZSnCCbVEkKchoPQWDZ,Aerosmith
5fKL7vMTXvhR9tov8Kqt3u,Silver Side Up
4fEgAL4ge9hHhxVDCUZbeF,Small Town Boy (Track By Track)
5B6XfyHHYawyLkEvNvhSPh,Walking On A Dream (10th Anniversary Edition)
7apLPYT8szV1IqTxyVSy5P,B.o.B Presents: The Adventures of Bobby Ray
6hmmX5UP4rIvOpGSaPerV8,Tracy Chapman
1nAQbHeOWTfQzbOoFrvndW,Planet Her
1MmVkhiwTH0BkNOU3nw5d3,Hot Pink
0V4laGZGshNCpurfIdUhHv,"Oh, What A Life"
4YimfceN1R0nOS9CefIFhm,Once Upon A Time (Super Deluxe)
0UJhhj5bn5AGAjryFnhueP,Bleed American
6rsQnwaoJHxXJRCDBPkBRw,Favourite Worst Nightmare (Standard Version)
3zXjR3y2dUWklKmmp6lEhy,Let Go
2QLp07RO6anZHmtcKTEvSC,Boston
6t7956yu5zYf5A829XRiHC,The Marshall Mathers LP
0UMMIkurRUmkruZ3KGBLtG,2014 Forest Hills Drive
5VdyJkLe3yvOs0l4xXbWp0,17
2Ti79nwTsont5ZHfdxIzAm,?
1oZ8mqRS1vJFZhSpc4WI4S,a study of the human experience volume one
5nkUSlIhtoJZMOUlB0sNCp,From Under The Cork Tree
3WFTGIO6E3Xh4paEOBY9OU,808s & Heartbreak
1NAmidJlEaVgA3MpcPFYGq,Lover
2eE8BVirX9VF8Di9hD90iw,Come Home The Kids Miss You
7aADdYLiK1z7GlMFr0UIZw,Pink Friday (Complete Edition)
5Z9iiGl2FcIfa3BMiv6OIw,Whenever You Need Somebody
4FA68GsblSfvKZZRfM1tI1,Dynasty
3coLNlyStg9h7f8CZ103Rl,Ladies And Gentlemen... The Best Of George Michael
61a4XyIj98CGrUnKy8Hu4Z,FINAL (Vol.1)
06mXfvDsRZNfnsGZvX2zpb,Music Of The Spheres
2eQMC9nJE3f3hCNKlYYHL1,Teenage Dream
6pOiDiuDQqrmo5DbG0ZubR,MONTERO
6mUdeDZCsExyJLMdAfDuwh,Back In Black
00wSTrFxoSzA7eeS1UxHgd,Sin Miedo (del Amor y Otros Demonios) ���
71O60S5gIJSIAhdnrDIh3N,THE ALBUM
5v4Vx9loqMQCS3J7OmP9pa,The Rising Tied
