Artist ID,Artist Name,Artist Popularity,Artist genre
6eUKZXaKkcviH0Ku9w2n3V,Ed Sheeran,91,"['pop', 'uk pop']"
1Xyo4u8uXC1ZmMpatF05PJ,The Weeknd,94,"['canadian contemporary r&b', 'canadian pop', 'pop']"
2NjfBq1NflQcKSeiDooVjY,Tones And I,72,"['australian pop', 'pop']"
246dkjvS1zLTtiykXe5h60,Post Malone,89,"['dfw rap', 'melodic rap', 'rap']"
4GNC7GD6oZMSxPGyXy4MNB,Lewis Capaldi,81,"['pop', 'uk pop']"
3TVXtAsR1Inumwj472S9r4,Drake,95,"['canadian hip hop', 'canadian pop', 'hip hop', 'rap', 'toronto rap']"
69GGBxA162lTqCwzJG5jLp,The Chainsmokers,81,"['dance pop', 'edm', 'electropop', 'pop', 'pop dance', 'tropical house']"
7n2wHs1TKAczGzO7Dd2rGr,Shawn Mendes,85,"['canadian pop', 'dance pop', 'pop', 'viral pop']"
53XhwfbYqKCa1cC15pYq2q,Imagine Dragons,89,"['modern rock', 'rock']"
6qqNVTkY8uBg9cP3Jd7DAH,Billie Eilish,89,"['art pop', 'electropop', 'pop']"
4IWBUUAFIplrNtaOHcJPRM,James Arthur,81,"['pop', 'talent show', 'uk pop']"
2tIP7SsRs7vjIcLrU85W8J,The Kid LAROI,82,"['australian hip hop', 'pop']"
4MCBfE4596Uoi2O4DtmEMz,Juice WRLD,90,"['chicago rap', 'melodic rap']"
6M2wZ9GZgrQXHCFfjv46we,Dua Lipa,89,"['dance pop', 'pop', 'uk pop']"
4yvcSjfu4PC0CYQyLy4wSq,Glass Animals,80,"['gauze pop', 'indietronica', 'shiver pop']"
6KImCVD70vtIoJWnq6nGn3,Harry Styles,91,['pop']
1dfeR4HaWDbWqFHLkxsg1d,Queen,85,"['classic rock', 'glam rock', 'rock']"
15UsOTVnJzReFVN1VCnxy4,XXXTENTACION,88,"['emo rap', 'miami hip hop']"
1HY2Jd0NmPuamShAr6KMms,Lady Gaga,85,"['art pop', 'dance pop', 'pop']"
1uNFoZAHBGtllmzznpCI3s,Justin Bieber,91,"['canadian pop', 'pop']"
5y2Xq6xcjJb2jVM54GHK3t,John Legend,78,"['neo mellow', 'neo soul', 'pop', 'pop soul', 'r&b', 'urban contemporary']"
2FXC3k01G6Gw61bmprjgqS,Hozier,78,"['irish singer-songwriter', 'pop']"
4nDoRrQiYLoBzwC5BhVJzF,Camila Cabello,82,"['dance pop', 'pop', 'post-teen pop', 'uk pop']"
66CXWjxzNUsdJxJ2JdwvnR,Ariana Grande,89,"['dance pop', 'pop']"
0Y5tJX1MQlPlqiwlOH1tJY,Travis Scott,88,"['hip hop', 'rap', 'slap house']"
4O15NlyKLIASxsJ0PrXPfz,Lil Uzi Vert,86,"['melodic rap', 'philly rap', 'rap', 'trap']"
3YQKmKGau1PzlVlkL1iodx,Twenty One Pilots,81,"['modern rock', 'rock']"
64KEffDW9EtZ1y2vBYgq8T,Marshmello,84,"['brostep', 'dance pop', 'edm', 'pop', 'pop dance', 'progressive electro house']"
2YZyLoL8N0Wb9xBt1NhZWg,Kendrick Lamar,89,"['conscious hip hop', 'hip hop', 'rap', 'west coast rap']"
0gadJ2b9A4SKsB1RFkBb66,Passenger,71,"['folk-pop', 'neo mellow']"
1vCWHaC5f2uS3yhpwWbIA6,Avicii,81,"['dance pop', 'edm', 'pop', 'pop dance', 'pop rap']"
5Pwc4xIPtQLFEnJriah9YJ,OneRepublic,85,"['piano rock', 'pop', 'pop rock']"
738wLrAtLtCtFOLvQBXOXp,Major Lazer,75,"['dance pop', 'edm', 'electro house', 'moombahton', 'pop', 'pop dance', 'pop rap', 'tropical house']"
77SW9BnxLY8rJ0RciFqkHh,The Neighbourhood,85,"['modern alternative rock', 'modern rock', 'pop', 'shimmer pop']"
0H39MdGGX6dbnnQPt6NQkZ,SAINt JHN,71,"['melodic rap', 'pop rap', 'rap', 'slap house', 'trap']"
540vIaP2JwjQb9dm3aArA4,DJ Snake,78,"['dance pop', 'edm', 'electronic trap', 'pop', 'pop dance', 'pop rap']"
10exVja0key0uqUkk6LJRT,Vance Joy,76,"['folk-pop', 'pop', 'pop rock']"
7vk5e3vY1uw9plTHJAMwjN,Alan Walker,81,['electro house']
5BcAKTbp20cv7tC5VqPFoC,Macklemore & Ryan Lewis,74,"['dance pop', 'pop', 'pop rap', 'seattle hip hop']"
2KsP6tYLJlTBvSUxnwlVWa,Mike Posner,71,"['dance pop', 'edm', 'pop', 'pop rap']"
1McMsnEElThX1knmY4oliG,Olivia Rodrigo,85,['pop']
2wY79sveU1sp5g7SokKOiI,Sam Smith,89,"['dance pop', 'pop', 'uk pop']"
3hv9jJF3adDNsBSIQDqcjp,Mark Ronson,75,"['dance pop', 'pop', 'uk pop']"
26VFTg2z8YR0cCuwLzESi2,Halsey,84,"['dance pop', 'electropop', 'etherpop', 'indie poptimism', 'pop']"
4V8Sr092TqfHkfAA5fXXqG,Luis Fonsi,75,"['latin pop', 'puerto rican pop']"
7CajNmpbOovFoOoasH2HaY,Calvin Harris,85,"['dance pop', 'edm', 'electro house', 'house', 'pop', 'progressive house', 'uk dance']"
04gDigrS5kc9YWfZHwBETP,Maroon 5,86,['pop']
6fWVd57NKTalqvmjRd2t8Z,24kGoldn,75,"['cali rap', 'pop', 'pop rap', 'rap']"
6vXTefBL93Dj5IqAWq6OTv,French Montana,76,"['gangster rap', 'hip hop', 'pop rap', 'rap', 'southern hip hop', 'trap']"
0C0XlULifJtAgn6ZNCW2eu,The Killers,78,"['alternative rock', 'dance rock', 'permanent wave']"
757aE44tKEUQEqRuT6GnEB,Roddy Ricch,81,"['melodic rap', 'rap', 'trap']"
7jVv8c5Fj3E9VhNjxT4snq,Lil Nas X,83,"['lgbtq+ hip hop', 'pop']"
7dGJo4pcD2V6oG8kP0tJRR,Eminem,91,"['detroit hip hop', 'hip hop', 'rap']"
4q3ewBCX7sLwd24euuV69X,Bad Bunny,100,"['reggaeton', 'trap latino']"
5WUlDfRSoLAfcVSX1WnrxN,Sia,84,"['australian dance', 'australian pop', 'dance pop', 'pop']"
0du5cEVh5yTK9QJze8zA0C,Bruno Mars,88,"['dance pop', 'pop']"
2DaxqgrOhkeH0fpeiQq2f4,Oasis,76,"['beatlesque', 'britpop', 'madchester', 'permanent wave', 'pop rock', 'rock']"
3Nrfpe0tUJi4K4DXYWgMUX,BTS,92,"['k-pop', 'k-pop boy group']"
137W8MRPWKqSmrBGDBFSop,Wiz Khalifa,82,"['dance pop', 'hip hop', 'pittsburgh rap', 'pop rap', 'rap', 'southern hip hop', 'trap']"
5JZ7CnR6gTvEMKX4g70Amv,Lauv,78,"['dance pop', 'electropop', 'pop']"
25u4wHJWxCA9vO0CzxAbK7,Lukas Graham,72,"['danish pop', 'pop', 'scandipop']"
4r63FhuTkUYltbVAg5TQnk,DaBaby,83,"['north carolina hip hop', 'rap', 'trap']"
4phGZZrJZRo4ElhRtViYdl,Jason Mraz,73,"['acoustic pop', 'neo mellow', 'pop', 'pop rock']"
5Rl15oVamLq7FbSb0NNBNy,5 Seconds of Summer,81,"['boy band', 'dance pop', 'pop', 'post-teen pop', 'uk pop']"
7Ln80lUS6He07XvHI8qqHH,Arctic Monkeys,88,"['garage rock', 'modern rock', 'permanent wave', 'rock', 'sheffield indie']"
31TPClRtHm23RisEBtV3X7,Justin Timberlake,80,"['dance pop', 'pop']"
4kYSro6naA4h99UJvo89HB,Cardi B,81,"['dance pop', 'pop', 'rap']"
6VuMaDnrHyPL1p4EHjYLi7,Charlie Puth,85,"['dance pop', 'pop', 'viral pop']"
6olE6TJLqED3rqDCT0FyPh,Nirvana,81,"['alternative rock', 'grunge', 'permanent wave', 'rock']"
6l3HvQ5sa6mXTsMTB19rO5,J. Cole,86,"['conscious hip hop', 'hip hop', 'north carolina hip hop', 'rap']"
0rvjqX7ttXeg3mTy8Xscbt,Journey,74,"['album rock', 'classic rock', 'hard rock', 'mellow gold', 'rock', 'soft rock']"
4dpARuHxo51G3z768sgnrY,Adele,85,"['british soul', 'pop', 'pop soul', 'uk pop']"
5CiGnKThu5ctn9pBxv7DGa,benny blanco,76,"['dance pop', 'electropop', 'pop', 'pop rap']"
4gzpq5DPGxSnKTe4SA8HAU,Coldplay,89,"['permanent wave', 'pop']"
5MouCg6ta7zAxsfMEbc1uh,OMI,64,['dance pop']
4npEfmQ6YuiwW1GpUmaq3F,Ava Max,80,"['dance pop', 'pop']"
7uaIm6Pw7xplS8Dy06V6pT,Trevor Daniel,68,"['melodic rap', 'pop', 'pop rap']"
6XyY86QOPPrYVGvF9ch6wz,Linkin Park,84,"['alternative metal', 'nu metal', 'post-grunge', 'rap metal']"
3QSQFmccmX81fWCUSPTS7y,Dean Lewis,78,"['australian pop', 'pop', 'uk pop']"
7gP3bB2nilZXLfPHJhMdvc,Foster The People,72,"['indietronica', 'modern rock', 'rock']"
6bmlMHgSheBauioMgKv2tn,Powfu,72,['sad rap']
5cj0lLjcoR7YOSnhnX0Po5,Doja Cat,88,"['dance pop', 'pop']"
5H1nN1SzW0qNeUEZvuXjAj,Danny Ocean,79,"['pop venezolano', 'reggaeton', 'trap latino']"
0vRvGUQVUjytro0xpb26bs,Arizona Zervas,67,"['pop', 'pop rap', 'rhode island rap', 'viral rap']"
5ZsFI1h6hIdQRw2ti0hz81,ZAYN,77,"['dance pop', 'pop', 'post-teen pop', 'uk pop']"
20JZFwl6HVl6yg8a4H3ZqK,Panic! At The Disco,79,['modern rock']
3qm84nBOXUEQ2vnTfUTTFC,Guns N' Roses,81,"['glam metal', 'hard rock', 'rock']"
0X2BH1fck6amBIoJhDVmmJ,Ellie Goulding,79,"['dance pop', 'edm', 'electropop', 'indietronica', 'metropopolis', 'pop', 'uk pop']"
6MDME20pz9RveH9rEXvrOM,Clean Bandit,76,"['dance pop', 'edm', 'pop', 'pop dance', 'post-teen pop', 'tropical house', 'uk dance', 'uk funky', 'uk pop']"
0PFtn5NtBbbUNbU9EAmIWF,TOTO,73,"['album rock', 'classic rock', 'mellow gold', 'rock', 'soft rock', 'yacht rock']"
5NGO30tJxFlKixkPSgXcFE,The Police,75,"['album rock', 'classic rock', 'permanent wave', 'rock']"
790FomKkXshlbRYZFtlgla,KAROL G,87,"['reggaeton', 'reggaeton colombiano']"
6T5tfhQCknKG4UnH90qGnz,DNCE,71,"['dance pop', 'pop', 'post-teen pop', 'uk pop']"
2qxJFvFYMEDqd7ui6kSAcq,Zedd,76,"['complextro', 'dance pop', 'edm', 'electro house', 'electropop', 'german techno', 'pop', 'pop dance', 'pop rap', 'tropical house', 'uk pop']"
1vyhD5VmyZ7KMfW5gqLgo5,J Balvin,88,"['reggaeton', 'reggaeton colombiano', 'trap latino']"
1l8Fu6IkuTP0U5QetQJ5Xt,Fifth Harmony,69,"['dance pop', 'girl group', 'pop', 'post-teen pop', 'talent show', 'uk pop']"
6LuN9FCkKOj5PcnpouEgny,Khalid,86,"['pop', 'pop r&b']"
1RyvyyTE3xzB2ZywiAwp0i,Future,88,"['atl hip hop', 'hip hop', 'rap', 'southern hip hop', 'trap']"
3iri9nBFs9e4wN7PLIetAw,gnash,65,['pop']
2AsusXITU8P25dlRNhcAbG,Gotye,68,['australian pop']
23fqKkggKUBHNkbKtXEls4,Kygo,80,"['edm', 'pop', 'pop dance', 'tropical house']"
6DIS6PRrLS3wbnZsf7vYic,WALK THE MOON,69,"['dance rock', 'indie poptimism', 'modern alternative rock', 'modern rock', 'pop rock', 'rock']"
1zNqDE7qDGCsyzJwohVaoX,Anne-Marie,78,"['dance pop', 'pop', 'pop dance', 'post-teen pop', 'tropical house', 'uk pop']"
6fOMl44jA4Sp5b9PpYCkzz,NF,79,"['hip hop', 'pop rap', 'rap']"
6vWDO969PvNqNYHIOW5v0m,Beyonc��,88,"['dance pop', 'pop', 'r&b']"
73sIBHcqh3Z3NyqHKZ7FOL,Childish Gambino,79,"['atl hip hop', 'hip hop', 'pop', 'rap']"
3fMbdgg4jU18AjLCKBhRSm,Michael Jackson,83,"['pop', 'r&b', 'soul']"
1Cs0zKBU1kc0i8ypK3B9ai,David Guetta,90,"['big room', 'dance pop', 'edm', 'pop', 'pop dance']"
2jzc5TC5TVFLXQlBNiIUzE,a-ha,71,"['new romantic', 'new wave', 'new wave pop', 'permanent wave', 'soft rock', 'synthpop']"
3v6Ji4uoWtKRkhuDUaxi9n,Dynoro,67,"['edm', 'electro house', 'pop dance', 'tropical house']"
4xRYI6VqpkE3UwrDrAZL8L,Logic,77,"['conscious hip hop', 'dmv rap', 'hip hop', 'pop rap', 'rap']"
64M6ah0SkkRsnPGtGiRAbb,Bebe Rexha,84,"['dance pop', 'pop', 'post-teen pop']"
7H55rcKCfwqkyDFH9wpKM6,Christina Perri,72,"['dance pop', 'neo mellow', 'pop', 'pop rock', 'post-teen pop', 'uk pop', 'viral pop']"
60d24wfXkVzDSfLS6hyCjZ,Martin Garrix,77,"['dance pop', 'dutch edm', 'edm', 'electro house', 'pop', 'pop dance', 'progressive house', 'tropical house']"
4iHNK0tOyZPYnBU7nGAgpQ,Mariah Carey,78,"['dance pop', 'pop', 'r&b', 'urban contemporary']"
5LHRHt1k9lMyONurDHEdrp,Tyga,80,"['dance pop', 'hip hop', 'pop rap', 'rap', 'southern hip hop', 'trap']"
5pKCCKE2ajJHZ9KAiaK11H,Rihanna,89,"['barbadian pop', 'dance pop', 'pop', 'urban contemporary']"
7EQ0qTo7fWT7DPxmxtSYEc,Bastille,75,"['metropopolis', 'modern rock', 'pop', 'pop rock']"
0QHgL1lAIqAw0HtD7YldmP,DJ Khaled,81,"['hip hop', 'miami hip hop', 'pop rap', 'rap', 'southern hip hop', 'trap']"
0C8ZW7ezQVs4URX5aX7Kqx,Selena Gomez,84,"['dance pop', 'pop', 'post-teen pop']"
7gOdHgIoIKoe4i9Tta6qdD,Jonas Brothers,76,"['boy band', 'dance pop', 'pop', 'post-teen pop', 'uk pop']"
4F84IBURUo98rz4r61KF70,The White Stripes,71,"['alternative rock', 'blues rock', 'detroit rock', 'garage rock', 'modern blues rock', 'modern rock', 'permanent wave', 'punk blues', 'rock']"
0ECwFtbIWEVNwjlrfc6xoL,Eagles,76,"['album rock', 'classic rock', 'country rock', 'folk rock', 'heartland rock', 'mellow gold', 'rock', 'singer-songwriter', 'soft rock', 'yacht rock']"
4VMYDCV2IEDYJArk749S6m,Daddy Yankee,88,"['latin hip hop', 'reggaeton', 'trap latino']"
1Xylc3o4UrD53lo9CvFvVg,Zara Larsson,76,"['dance pop', 'edm', 'electropop', 'pop', 'pop dance', 'post-teen pop', 'scandipop', 'swedish electropop', 'swedish pop', 'tropical house', 'uk pop']"
0lAWpj5szCSwM4rUMHYmrr,M��neskin,80,"['indie rock italiano', 'italian pop']"
3PhoLpVuITZKcymswpck5b,Elton John,85,"['glam rock', 'mellow gold', 'piano rock']"
4QQgXkCYTt3BlENzhyNETg,"Earth, Wind & Fire",73,"['disco', 'funk', 'jazz funk', 'quiet storm', 'soul']"
5IH6FPUwQTxPSXurCrcIov,Alec Benjamin,77,"['alt z', 'dream smp', 'electropop', 'pop']"
2wUjUUtkb5lvLKcGKsKqsR,Alessia Cara,75,"['canadian contemporary r&b', 'canadian pop', 'dance pop', 'electropop', 'pop', 'post-teen pop', 'uk pop']"
5INjqkS1o8h1imAzPqGZBb,Tame Impala,80,"['australian psych', 'neo-psychedelic']"
02kJSzxNuaWGqwubyUba0Z,G-Eazy,76,"['indie pop rap', 'oakland hip hop', 'pop', 'pop rap', 'rap']"
6ltzsmQQbmdoHHbLZ4ZN25,Lord Huron,73,"['indie folk', 'stomp and holler']"
711MCceyCBcFnzjGY4Q7Un,AC/DC,81,"['australian rock', 'hard rock', 'rock']"
4ofCBoyEiGSePFAG500xev,Regard,71,"['dance pop', 'edm', 'electro house', 'pop', 'pop dance', 'pop edm', 'slap house', 'tropical house']"
2RdwBSPQiwcmiDo9kixcl8,Pharrell Williams,81,"['hip hop', 'pop']"
3FUY2gzHeIiaesXtOAdB7A,Train,72,"['dance pop', 'neo mellow', 'pop', 'pop rock']"
6MPCFvOQv5cIGfw3jODMF0,Internet Money,73,"['pop rap', 'rap', 'trap']"
0DxeaLnv6SyYk2DOqkLO8c,MAGIC!,67,['reggae fusion']
5zctI4wO9XSKS8XwcnqEHk,Lil Mosey,71,"['melodic rap', 'rap', 'rap conscient', 'trap', 'vapor trap', 'viral rap']"
7pFeBzX627ff0VnN6bxPR4,Desiigner,64,"['pop rap', 'rap', 'trap', 'viral trap']"
2gsggkzM5R49q6jpPvazou,Jessie J,72,"['dance pop', 'pop', 'pop rap', 'post-teen pop', 'uk pop']"
2XnBwblw31dfGnspMIwgWz,Axwell /\ Ingrosso,66,"['dance pop', 'edm', 'electro house', 'pop', 'pop dance', 'pop rap', 'tropical house']"
5p7f24Rk5HkUZsaS3BLG5F,Hailee Steinfeld,73,"['dance pop', 'pop', 'post-teen pop', 'uk pop']"
0EmeFodog0BfCgMzAIvKQp,Shakira,86,"['colombian pop', 'dance pop', 'latin pop']"
2cFrymmkijnjDg9SS92EPM,blackbear,80,"['electropop', 'pop', 'pop rap']"
7hJcb9fa4alzcOq3EaNPoG,Snoop Dogg,84,"['g funk', 'gangster rap', 'hip hop', 'pop rap', 'rap', 'west coast rap']"
5K4W6rqBFWDnAN6FQUkS6x,Kanye West,92,"['chicago rap', 'rap']"
4DdkRBBYG6Yk9Ka8tdJ9BW,Offset,79,"['atl hip hop', 'hip hop', 'pop rap', 'rap', 'southern hip hop', 'trap']"
4kI8Ie27vjvonwaB2ePh8T,Portugal. The Man,65,"['modern rock', 'rock']"
08GQAI4eElDnROBrJRGE0X,Fleetwood Mac,79,"['album rock', 'classic rock', 'rock', 'soft rock', 'yacht rock']"
0TnOYISbd1XYRBk9myaseg,Pitbull,83,"['dance pop', 'miami hip hop', 'pop', 'pop rap']"
0ZED1XzwlLHW4ZaG4lOT6m,Julia Michaels,75,"['alt z', 'dance pop', 'electropop', 'pop', 'post-teen pop']"
58lV9VcRSjABbAbfWS6skp,Bon Jovi,78,"['glam metal', 'rock']"
329e4yvIujISKGKz1BZZbO,Farruko,85,"['latin hip hop', 'reggaeton', 'trap latino']"
4Ga1P7PMIsmqEZqhYZQgDo,Lil Tecca,78,"['melodic rap', 'pluggnb', 'rap']"
1hzfo8twXdOegF3xireCYs,Milky Chance,73,['german pop']
4QVBYiagIaa6ZGSPMbybpy,Pedro Cap��,69,"['latin pop', 'puerto rican pop']"
6S2OmqARrzebs0tKUEyXyp,Demi Lovato,81,"['dance pop', 'pop', 'post-teen pop', 'uk pop']"
3AQRLZ9PuTAozP28Skbq8V,The Script,74,"['celtic rock', 'neo mellow', 'pop', 'pop rock', 'uk pop']"
5f7VJjfbwm532GiveGC0ZK,Lil Baby,91,"['atl hip hop', 'atl trap', 'rap', 'trap']"
2sil8z5kiy4r76CRTXxBCA,The Goo Goo Dolls,71,"['neo mellow', 'permanent wave', 'pop rock']"
3t5xRXzsuZmMDkQzgOX35S,Robin Schulz,80,"['dance pop', 'deep euro house', 'deep house', 'edm', 'german dance', 'pop', 'pop dance', 'tropical house']"
2txHhyCwHjUEpJjWrEyqyX,Tom Odell,79,"['chill pop', 'pop']"
5YGY8feqx7naU7z4HrwZM6,Miley Cyrus,82,"['dance pop', 'pop', 'post-teen pop']"
3y24n3XhZ96wgwRXjvS17T,Coolio,72,"['g funk', 'gangster rap', 'hip hop', 'rap', 'west coast rap']"
5rSXSAkZ67PYJSvpUpkOr7,Backstreet Boys,76,"['boy band', 'dance pop']"
2l35CQqtYRh3d8ZIiBep4v,MKTO,67,"['dance pop', 'pop', 'pop rap', 'pop rock', 'post-teen pop', 'uk pop']"
1uU7g3DNSbsu0QjSEqZtEd,Masked Wolf,68,['australian hip hop']
45dkTj5sMRSjrmBSBeiHym,Tate McRae,79,"['pop', 'uk pop']"
2R21vXR83lH98kGeO99Y66,Anuel AA,87,"['reggaeton', 'reggaeton flow', 'trap boricua', 'trap latino']"
0L8ExT028jH3ddEcZwqJJ5,Red Hot Chili Peppers,83,"['alternative rock', 'funk metal', 'funk rock', 'permanent wave']"
6DPYiyq5kWVQS4RGwxzPC7,Dr. Dre,80,"['g funk', 'gangster rap', 'hip hop', 'rap', 'west coast rap']"
4Z8W4fKeB5YxbusRsdQVPb,Radiohead,79,"['alternative rock', 'art rock', 'melancholia', 'oxford indie', 'permanent wave', 'rock']"
5hdhHgpxyniooUiQVaPxQ0,Nio Garcia,74,"['latin hip hop', 'reggaeton', 'trap latino']"
33ScadVnbm2X8kkUqOkC6Z,Don Omar,81,"['latin hip hop', 'puerto rican pop', 'reggaeton', 'trap latino']"
4Uc8Dsxct0oMqx0P6i60ea,Conan Gray,81,"['bedroom pop', 'pop']"
4EzkuveR9pLvDVFNx6foYD,James Bay,73,"['neo mellow', 'pop', 'uk pop']"
07YZf4WDAMNwqr4jfgOZ8y,Jason Derulo,80,"['dance pop', 'pop', 'pop rap', 'post-teen pop']"
1HxJeLhIuegM3KgvPn8sTa,Jack ��,60,"['dance pop', 'edm', 'electro house', 'pop dance']"
4MVyzYMgTwdP7Z49wAZHx0,Lynyrd Skynyrd,72,"['album rock', 'blues rock', 'classic rock', 'country rock', 'hard rock', 'mellow gold', 'rock', 'southern rock']"
56mfhUDKa1vec6rSLZV5Eg,Jawsh 685,64,['nz pop']
0u6GtibW46tFX7koQ6uNJZ,Topic,75,"['dance pop', 'edm', 'electro house', 'german dance', 'pop dance', 'pop edm', 'tropical house']"
6PXS4YHDkKvl1wkIl4V8DL,Fetty Wap,70,"['dance pop', 'new jersey rap', 'pop', 'pop rap', 'rap', 'southern hip hop', 'trap']"
6jJ0s89eD6GaHleKKya26X,Katy Perry,85,"['dance pop', 'pop']"
1HBjj22wzbscIZ9sEb5dyf,Jonas Blue,75,"['dance pop', 'edm', 'pop', 'pop dance', 'tropical house', 'uk dance', 'uk pop']"
3rIZMv9rysU7JkLzEaC5Jp,Snow Patrol,68,"['irish rock', 'neo mellow', 'permanent wave', 'pop rock']"
6DgP9otnZw5z6daOntINxp,Joel Corry,76,"['dance pop', 'edm', 'pop', 'pop dance', 'tropical house', 'uk dance']"
2qk9voo8llSGYcZ6xrBzKx,Kings of Leon,74,"['modern rock', 'rock']"
55Aa2cqylxrFIXC767Z865,Lil Wayne,86,"['hip hop', 'new orleans rap', 'pop rap', 'rap', 'trap']"
1URnnhqYAYcrqrcwql10ft,21 Savage,87,"['atl hip hop', 'rap', 'trap']"
3nFkdlSjzX9mRTtwJOzDYB,JAY-Z,84,"['east coast hip hop', 'hip hop', 'rap']"
3AA28KZvwAUcZuOKwyblJQ,Gorillaz,81,['alternative hip hop']
6t1gpxYbY8OlLA7D2RiikQ,Loud Luxury,70,"['dance pop', 'edm', 'electro house', 'pop', 'pop dance', 'tropical house']"
4WN5naL3ofxrVBgFpguzKo,Rudimental,68,"['dance pop', 'edm', 'house', 'pop', 'pop dance', 'tropical house', 'uk dance', 'uk funky', 'uk pop']"
163tK9Wjr9P9DmM0AVK7lm,Lorde,77,"['art pop', 'metropopolis', 'nz pop', 'pop', 'yakut pop']"
20sxb77xiYeusSH8cVdatc,Meek Mill,76,"['hip hop', 'philly rap', 'pop rap', 'rap', 'southern hip hop', 'trap']"
1KCSPY1glIKqW2TotWuXOR,P!nk,80,"['dance pop', 'pop']"
1G9G7WwrXka3Z1r7aIDjI7,Outkast,75,"['atl hip hop', 'dirty south rap', 'hip hop', 'old school atlanta hip hop', 'pop rap', 'rap', 'southern hip hop']"
2ye2Wgw4gimLv2eAKyk1NB,Metallica,83,"['hard rock', 'metal', 'old school thrash', 'rock', 'thrash metal']"
0zOcE3mg9nS6l3yxt1Y0bK,The Fray,69,"['neo mellow', 'piano rock', 'pop', 'pop rock']"
06HL4z0CvFAxyc27GXpf02,Taylor Swift,99,['pop']
4GvEc3ANtPPjt1ZJllr5Zl,Bazzi,74,"['dance pop', 'electropop', 'pop']"
0NKDgy9j66h3DLnN8qu1bB,Eurythmics,68,"['dance rock', 'europop', 'mellow gold', 'new romantic', 'new wave', 'new wave pop', 'rock', 'soft rock', 'sophisti-pop', 'synthpop']"
7keGfmQR4X5w0two1xKZ7d,Kungs,69,"['pop dance', 'tropical house']"
2o5jDhtHVPhrJdv3cEQ99Z,Ti��sto,83,"['big room', 'brostep', 'dance pop', 'dutch edm', 'edm', 'house', 'pop', 'pop dance', 'slap house', 'trance', 'tropical house']"
1yxSLGMDHlW21z4YXirZDS,Black Eyed Peas,81,"['dance pop', 'pop', 'pop rap']"
5pUo3fmmHT8bhCyHE52hA6,Liam Payne,65,"['dance pop', 'pop', 'post-teen pop', 'uk pop']"
20wkVLutqVOYrc0kxFs7rA,Daniel Caesar,78,"['canadian contemporary r&b', 'pop', 'r&b']"
26bcq2nyj5GB7uRr558iQg,Survivor,68,"['album rock', 'hard rock', 'rock', 'soft rock']"
5lpH0xAS4fVfLkACg9DAuM,Wham!,68,"['dance pop', 'disco', 'europop', 'mellow gold', 'new romantic', 'new wave', 'new wave pop', 'soft rock', 'synthpop']"
4UXqAaa6dQYAk18Lv7PEgX,Fall Out Boy,78,"['emo', 'modern rock']"
46SHBwWsqBkxI7EeeBEQG7,Kodak Black,82,"['florida rap', 'hip hop', 'melodic rap', 'miami hip hop', 'rap', 'trap']"
6sFIWsNpZYqfjUpaCgueju,Carly Rae Jepsen,75,"['canadian pop', 'dance pop', 'electropop', 'pop', 'post-teen pop', 'uk pop']"
0eDvMgVFoNV3TpwtrVCoTj,Pop Smoke,84,['brooklyn drill']
5xKp3UyavIBUsGy3DQdXeF,A Great Big World,63,"['neo mellow', 'piano rock', 'pop rock', 'post-teen pop', 'viral pop']"
4KWTAlx2RvbpseOGMEmROg,R.E.M.,73,"['alternative rock', 'athens indie', 'permanent wave', 'pop rock', 'rock']"
0jnsk9HBra6NMjO2oANoPY,Flo Rida,78,"['dance pop', 'miami hip hop', 'pop', 'pop rap']"
2kCcBybjl3SAtIcwdWpUe3,Lil Peep,83,"['emo rap', 'lgbtq+ hip hop']"
4TEJudQY2pXxVHPE3gD2EU,BlocBoy JB,61,"['memphis hip hop', 'rap', 'southern hip hop', 'tennessee hip hop', 'trap', 'vapor trap', 'viral rap']"
02A3cEvlLLCbIMVDrK2GHV,Starley,58,"['aussietronica', 'australian pop', 'dance pop', 'deep tropical house', 'edm', 'electropop', 'pop dance', 'pop edm', 'tropical house', 'uk pop']"
50OApTJurDusIo9dGTqSU4,Lilly Wood and The Prick,61,"['french indie pop', 'french rock']"
4sTQVOfp9vEMCemLw50sbu,Galantis,74,"['dance pop', 'edm', 'electro house', 'pop', 'pop dance', 'tropical house']"
33W1pnW9zScZtYTnAoWnOT,Mr. Probz,64,"['dutch hip hop', 'tropical house']"
1SupJlEpv7RS2tPNRaHViT,Nicky Jam,82,"['latin hip hop', 'reggaeton', 'trap latino']"
7iZtZyCzp3LItcw1wtPI3D,Rae Sremmurd,73,"['hip hop', 'melodic rap', 'mississippi hip hop', 'pop rap', 'rap', 'southern hip hop', 'trap']"
4TH4BHy0LdBi3dpBW4P2UX,R. City,62,"['reggae fusion', 'virgin islands reggae']"
4bL2B6hmLlMWnUEZnorEtG,Felix Jaehn,74,"['dance pop', 'edm', 'electro house', 'german dance', 'pop', 'pop dance', 'tropical house']"
7z5WFjZAIYejWy0NI5lv4T,Dan + Shay,73,"['contemporary country', 'country', 'country road', 'pop']"
4AK6F7OLvEQ5QYCBNiQWHq,One Direction,85,"['boy band', 'pop', 'post-teen pop', 'talent show']"
0ZrpamOxcZybMHGg1AYtHP,Robin Thicke,64,"['contemporary r&b', 'dance pop', 'hip pop', 'neo soul', 'r&b', 'urban contemporary']"
5yG7ZAZafVaAlMTeBybKAL,Iggy Azalea,70,"['australian hip hop', 'dance pop', 'hip pop', 'pop', 'pop rap', 'post-teen pop', 'rap', 'uk pop', 'viral rap']"
2ysnwxxNtSgbb9t1m2Ur4j,George Ezra,75,"['folk-pop', 'neo-singer-songwriter']"
16oZKvXb6WkQlVAjwo2Wbg,The Lumineers,77,"['folk-pop', 'stomp and holler']"
4tZwfgrHOc3mvqYlEYSvVi,Daft Punk,81,"['electro', 'filter house']"
1h6Cn3P4NGzXbaXidqURXs,Swedish House Mafia,76,"['edm', 'electro house', 'pop', 'pop dance', 'progressive electro house']"
4dwdTW1Lfiq0cM8nBAqIIz,Of Monsters and Men,68,"['folk-pop', 'metropopolis', 'modern rock', 'pop rock', 'stomp and holler']"
5nCi3BB41mBaMH9gfr6Su0,fun.,67,"['baroque pop', 'metropopolis', 'modern rock', 'pop rock']"
6JL8zeS1NmiOftqZTRgdTz,Meghan Trainor,76,"['dance pop', 'hip pop', 'pop', 'post-teen pop', 'uk pop']"
5M0lbkGluOPXLeFjApw8r8,DRAM,62,"['pop rap', 'rap', 'virginia hip hop']"
63MQldklfxkjYDoUE4Tppz,M83,70,"['french shoegaze', 'french synthpop', 'indietronica', 'metropopolis', 'neo-synthpop']"
13ubrt8QOOCPljQ2FL1Kca,A$AP Rocky,82,"['east coast hip hop', 'hip hop', 'rap']"
7giUHu5pv6YTZgSkxxCcgh,Edward Sharpe & The Magnetic Zeros,62,"['double drumming', 'indie folk', 'la indie', 'stomp and holler']"
4qBgvVog0wzW75IQ48mU7v,KYLE,66,"['pop', 'pop rap', 'rap', 'viral rap']"
6oMuImdp5ZcFhWP0ESe6mG,Migos,77,"['atl hip hop', 'hip hop', 'pop rap', 'rap', 'trap']"
0c173mlxpT3dSFRgMO8XPh,Big Sean,79,"['detroit hip hop', 'hip hop', 'pop', 'pop rap', 'r&b', 'rap', 'southern hip hop', 'trap']"
7DMveApC7UnC2NPfPvlHSU,Cheat Codes,72,"['dance pop', 'edm', 'electro house', 'electropop', 'pop', 'pop dance', 'tropical house', 'uk pop']"
0uGk2czvcpWQA383Im6ajf,Maggie Lindemann,67,"['alt z', 'dark pop', 'pop', 'post-teen pop']"
2iEvnFsWxR0Syqu2JNopAd,Smash Mouth,66,"['alternative rock', 'pop rock']"
7qG3b048QCHVRO5Pv1T5lw,Enrique Iglesias,77,"['latin pop', 'mexican pop']"
1Hsdzj7Dlq2I7tHP7501T4,Niall Horan,76,"['dance pop', 'neo mellow', 'pop', 'post-teen pop', 'uk pop']"
3E6xrwgnVfYCrCs0ePERDz,Wisin,77,"['latin hip hop', 'reggaeton', 'trap latino']"
0eecdvMrqBftK0M1VKhaF4,CNCO,71,"['boy band', 'latin pop', 'reggaeton']"
21451j1KhjAiaYKflxBjr1,Zion & Lennox,79,"['latin hip hop', 'reggaeton', 'trap latino']"
2EMAnMvWE2eb56ToJVfCWs,Bryson Tiller,79,"['kentucky hip hop', 'pop', 'r&b', 'rap', 'trap']"
5EvFsr3kj42KNv97ZEnqij,Shaggy,73,"['pop rap', 'reggae fusion']"
23zg3TcAtWQy7J6upgbUnj,Usher,79,"['atl hip hop', 'contemporary r&b', 'dance pop', 'pop', 'r&b', 'south carolina hip hop', 'urban contemporary']"
4obzFoKoKRHIphyHzJ35G3,Becky G,81,"['latin viral pop', 'pop', 'rap latina', 'reggaeton']"
1i8SpTcr7yvPOmcqrbnVXY,Ozuna,88,"['puerto rican pop', 'reggaeton', 'trap latino']"
56oDRnqbIiwx4mymNEv7dS,Lizzo,81,"['escape room', 'minnesota hip hop', 'pop', 'trap queen']"
3ICflSq6ZgYAIrm2CTkfVP,The Animals,64,"['album rock', 'blues rock', 'british invasion', 'classic rock', 'folk rock', 'protopunk', 'psychedelic rock', 'rock']"
3koiLjNrgRTNbOwViDipeA,Marvin Gaye,73,"['classic soul', 'funk', 'indie r&b', 'motown', 'northern soul', 'quiet storm', 'soul']"
22bE4uQ6baNwSHPVcDxLCe,The Rolling Stones,78,"['british invasion', 'classic rock', 'rock']"
3IYUhFvPQItj6xySrBmZkd,Creedence Clearwater Revival,78,"['classic rock', 'country rock', 'rock', 'southern rock', 'swamp rock']"
36QJpDe2go2KgaRleHCDTp,Led Zeppelin,77,"['album rock', 'classic rock', 'hard rock', 'rock']"
0uq5PttqEjj3IH1bzwcrXF,Spice Girls,68,"['dance pop', 'europop', 'girl group']"
5eAWCfyUhZtHHtBdNk56l1,System Of A Down,79,"['alternative metal', 'nu metal', 'rap metal']"
7gZfnEnfiaHzxARJ2LeXrf,6ix9ine,72,"['emo rap', 'rap', 'trap']"
6XpaIBNiVzIetEPCWDvAFP,Whitney Houston,76,"['dance pop', 'pop', 'urban contemporary']"
47MpMsUfWtgyIIBEFOr4FE,Lunay,73,"['latin hip hop', 'latin pop', 'reggaeton', 'reggaeton flow', 'trap latino']"
2RDOrhPqAM4jzTRCEb19qX,Sheck Wes,66,"['rap', 'trap', 'vapor trap']"
1MIVXf74SZHmTIp4V4paH4,Mabel,70,"['dance pop', 'edm', 'pop', 'pop dance', 'post-teen pop', 'tropical house', 'uk pop']"
0vR2qb8m9WHeZ5ByCbimq2,Reik,79,"['latin arena pop', 'latin pop', 'mexican pop']"
3vQ0GE3mI0dAaxIMYe5g7z,Paulo Londra,80,"['argentine hip hop', 'trap argentino', 'trap latino']"
1r4hJ1h58CWwUQe3MxPuau,Maluma,85,"['reggaeton', 'reggaeton colombiano', 'trap latino']"
6USMTwO0MNDnKte5a5h0xx,Y2K,63,['pop rap']
0xRXCcSX89eobfrshSVdyu,MEDUZA,76,"['dance pop', 'edm', 'electro house', 'pop', 'pop dance', 'pop house', 'tropical house']"
6nS5roXSAGhTGr34W6n7Et,Disclosure,74,"['edm', 'house', 'pop', 'uk dance', 'uk pop']"
0awl5piYwO0CDTHEkCjUhn,Nico & Vinz,63,['pop rap']
3Gm5F95VdRxW3mqCn8RPBJ,Amin��,70,"['hip hop', 'pop', 'portland hip hop', 'rap']"
3WrFJ7ztbogyGnTHbHJFl2,The Beatles,84,"['beatlesque', 'british invasion', 'classic rock', 'merseybeat', 'psychedelic rock', 'rock']"
4gwpcMTbLWtBUlOijbVpuu,Capital Cities,67,"['metropopolis', 'modern rock']"
6FBDaR13swtiWwGhX1WQsP,blink-182,80,"['pop punk', 'punk', 'rock', 'socal pop punk']"
2cGwlqi3k18jFpUyTrsR84,The Verve,66,"['alternative rock', 'britpop', 'neo mellow', 'permanent wave', 'pop rock', 'rock', 'shoegaze']"
7Ey4PD4MYsKc5I2dolUwbH,Aerosmith,76,"['album rock', 'classic rock', 'hard rock', 'rock']"
2kucQ9jQwuD8jWdtR9Ef38,Sam Hunt,71,"['contemporary country', 'country', 'country pop', 'country road']"
7jefIIksOi1EazgRTfW2Pk,Electric Light Orchestra,71,"['album rock', 'art rock', 'beatlesque', 'classic rock', 'glam rock', 'mellow gold', 'rock', 'soft rock', 'symphonic rock']"
0Cp8WN4V8Tu4QJQwCN5Md4,BENEE,68,"['alt z', 'nz pop', 'pop']"
1g1yxsNVPhMUl9GrMjEb2o,Plain White T's,64,"['neo mellow', 'pop punk', 'pop rock']"
2RTUTCvo6onsAnheUk3aL9,3 Doors Down,70,"['alternative metal', 'nu metal', 'pop rock', 'post-grunge']"
6gK1Uct5FEdaUWRWpU4Cl2,Petit Biscuit,63,['tropical house']
4qIVPF0s71ZYW3qzhu5GkF,Kina,69,['sad lo-fi']
5lKZWd6HiSCLfnDGrq9RAm,Leona Lewis,66,"['british soul', 'dance pop', 'europop', 'neo mellow', 'pop', 'post-teen pop', 'talent show', 'uk pop']"
3DiDSECUqqY1AuBP8qtaIa,Alicia Keys,78,"['hip pop', 'neo soul', 'pop', 'r&b', 'urban contemporary']"
66W9LaWS0DPdL7Sz8iYGYe,JP Saxe,68,"['alt z', 'canadian contemporary r&b', 'neo mellow', 'pop', 'uk pop']"
7KMqksf0UMdyA0UCf4R3ux,James Blunt,70,"['neo mellow', 'pop', 'pop rock']"
3GBPw9NK25X1Wt2OUvOwY3,Jack Johnson,76,['neo mellow']
6USv9qhCn6zfxlBQIYJ9qs,Dominic Fike,73,"['alternative pop rock', 'pop']"
1KP6TWI40m7p3QBTU6u2xo,B��RNS,68,"['modern rock', 'pop']"
07QEuhtrNmmZ0zEcqE9SF6,Owl City,69,"['indietronica', 'pop', 'pop rock']"
6U1dBXJhC8gXFjamvFTmHg,Zac Efron,69,"['hollywood', 'post-teen pop', 'show tunes']"
2LIk90788K0zvyj2JJVwkJ,Jack Harlow,83,"['deep underground hip hop', 'kentucky hip hop', 'pop', 'rap']"
1lmU3giNF3CSbkVSQmLpHQ,Surf Mesa,64,['tropical house']
7oPftvlwr6VrsViSDV7fJY,Green Day,80,"['permanent wave', 'punk']"
51Blml2LZPmy7TTiAg47vQ,U2,77,"['irish rock', 'permanent wave', 'rock']"
1Y8cdNmUJH7yBTd9yOvr5i,Destiny's Child,71,"['dance pop', 'girl group', 'hip pop', 'pop', 'r&b', 'urban contemporary']"
44NX2ffIYHr6D4n7RaZF7A,Van Morrison,72,"['classic rock', 'folk', 'folk rock', 'mellow gold', 'rock', 'roots rock', 'singer-songwriter', 'soft rock']"
6MF9fzBmfXghAz953czmBC,Taio Cruz,69,"['dance pop', 'pop', 'pop rap']"
4IJczjB0fJ04gs4uvP0Fli,Gym Class Heroes,69,"['dance pop', 'pop rap']"
7bXgB6jMjp9ATFy66eO08Z,Chris Brown,88,"['dance pop', 'pop', 'r&b']"
7i9j813KFoSBMldGqlh2Z1,Riton,68,"['dance pop', 'edm', 'house', 'pop dance', 'tropical house', 'uk dance']"
4V8LLVI7PbaPR0K2TGSxFF,"Tyler, The Creator",85,"['hip hop', 'rap']"
3EOEK57CV77D4ovYVcmiyt,Dennis Lloyd,67,['israeli pop']
0WwSkZ7LtFUFjGjMZBMt6T,Dire Straits,75,"['album rock', 'classic rock', 'mellow gold', 'rock', 'soft rock']"
4fxd5Ee7UefO4CUXgwJ7IP,Giveon,81,"['pop', 'r&b']"
0LcJLqbBmaGUft1e9Mm8HV,ABBA,80,"['europop', 'swedish pop']"
6deZN1bslXzeGvOLaLMOIF,Nickelback,77,"['alternative metal', 'canadian rock', 'nu metal', 'post-grunge']"
3klZnJvYGIbWritVwQD434,Duncan Laurence,69,['dutch pop']
67hb7towEyKvt5Z8Bx306c,Empire of the Sun,70,"['alternative dance', 'australian dance', 'australian electropop', 'dance rock', 'electropop', 'indietronica', 'neo-synthpop']"
5ndkK3dpZLKtBklKjxNQwT,B.o.B,73,"['atl hip hop', 'dance pop', 'hip hop', 'pop', 'pop rap', 'rap', 'southern hip hop']"
7oPgCQqMMXEXrNau5vxYZP,Tracy Chapman,69,"['folk', 'lilith', 'singer-songwriter', ""women's music""]"
0MlOPi3zIDMVrfA9R04Fe3,American Authors,66,"['indie poptimism', 'modern rock', 'pop rock']"
6hN9F0iuULZYWXppob22Aj,Simple Minds,67,"['art rock', 'dance rock', 'mellow gold', 'new romantic', 'new wave', 'new wave pop', 'pop rock', 'rock', 'scottish new wave', 'soft rock', 'synthpop']"
3Ayl7mCk0nScecqOzvNp6s,Jimmy Eat World,68,"['alternative rock', 'emo', 'modern power pop', 'modern rock', 'neo mellow', 'pop punk', 'pop rock', 'rock']"
0p4nmQO2msCgU4IF37Wi3j,Avril Lavigne,76,"['canadian pop', 'candy pop', 'dance pop', 'pop', 'post-teen pop']"
29kkCKKGXheHuoO829FxWK,Boston,66,"['album rock', 'classic rock', 'country rock', 'hard rock', 'mellow gold', 'rock', 'soft rock']"
2VSHKHBTiXWplO8lxcnUC9,GAYLE,71,['modern alternative pop']
0hCNtLu0JehylgoiP8L4Gh,Nicki Minaj,87,"['dance pop', 'hip pop', 'pop', 'queens hip hop', 'rap']"
0gxyHStUsqpMadRV0Di1Qt,Rick Astley,65,"['disco', 'new romantic', 'new wave pop', 'soft rock', 'sophisti-pop', 'synthpop']"
07XSN3sPlIlB2L2XNcTwJw,KISS,73,"['album rock', 'glam rock', 'hard rock', 'metal', 'rock']"
19ra5tSw0tWufvUp8GotLo,George Michael,72,"['dance pop', 'new wave pop']"
1U1el3k54VvEUzo3ybLPlM,Kali Uchis,80,"['colombian pop', 'pop']"
41MozSoPIsD1dJM0CLPjZF,BLACKPINK,89,"['k-pop', 'k-pop girl group']"
7dWYWUbO68rXJOcyA7SpJk,Fort Minor,62,"['pop rap', 'rap rock']"
